<?xml version="1.0" encoding="UTF-8"?>
<project-private xmlns="http://www.netbeans.org/ns/project-private/1">
    <editor-bookmarks xmlns="http://www.netbeans.org/ns/editor-bookmarks/2" lastBookmarkId="0"/>
    <open-files xmlns="http://www.netbeans.org/ns/projectui-open-files/2">
        <group>
            <file>file:/C:/Users/Admin/Desktop/Invoice%20sales%20generator/src/model/HeaderTableModel.java</file>
            <file>file:/C:/Users/Admin/Desktop/Invoice%20sales%20generator/src/view/addNewInvoice.java</file>
            <file>file:/C:/Users/Admin/Desktop/Invoice%20sales%20generator/src/view/addItem.java</file>
            <file>file:/C:/Users/Admin/Desktop/Invoice%20sales%20generator/src/controller/ActionListeners.java</file>
            <file>file:/C:/Users/Admin/Desktop/Invoice%20sales%20generator/src/view/MainForm.java</file>
            <file>file:/C:/Users/Admin/Desktop/Invoice%20sales%20generator/src/controller/SelectionListener.java</file>
        </group>
    </open-files>
</project-private>
